QuestionId,studentId,courseId,tocheck,startRegistering,cleard,message,teacherId,createdAt,updatedAt,check
1,157,83,15783,2021-02-01 09:39:44,2021-02-25 09:42:46,orci nullam molestie nibh in lectus pellentesque at nulla suspendisse potenti cras in purus eu magna vulputate luctus cum,2,2021-02-25 09:42:46,null,TRUE
2,83,80,8380,2021-02-01 12:14:40,2021-02-25 09:42:46,maecenas ut massa quis augue luctus tincidunt nulla mollis molestie lorem quisque ut erat curabitur gravida,45,2021-02-25 09:42:46,2021-03-05 20:48:23,TRUE
3,144,74,14474,2021-02-01 14:40:28,2021-02-25 09:42:46,ut at dolor quis odio consequat varius integer ac leo pellentesque ultrices mattis odio donec vitae nisi nam ultrices libero,60,2021-02-25 09:42:46,2021-03-05 20:48:23,TRUE
53,144,74,14474,2021-02-01 14:40:28,2021-02-25 09:42:46,in sapien iaculis congue vivamus metus arcu adipiscing molestie hendrerit at vulputate vitae nisl aenean lectus,21,2021-02-25 09:42:46,null,TRUE
4,167,40,16740,2021-02-01 18:18:09,2021-02-25 09:42:46,convallis tortor risus dapibus augue vel accumsan tellus nisi eu orci mauris lacinia sapien quis libero,32,2021-02-25 09:42:46,2021-03-05 20:48:23,TRUE
5,124,79,12479,2021-02-01 22:10:30,2021-02-25 09:42:46,justo in hac habitasse platea dictumst etiam faucibus cursus urna ut tellus nulla ut,1,2021-02-25 09:42:46,2021-03-05 20:48:23,TRUE
6,20,10,2010,2021-02-03 09:24:27,2021-02-25 09:42:46,quam a odio in hac habitasse platea dictumst maecenas ut massa quis augue luctus tincidunt nulla mollis,6,2021-02-25 09:42:46,2021-03-05 20:48:23,TRUE
7,53,50,5350,2021-02-03 12:32:09,2021-02-25 09:42:46,orci luctus et ultrices posuere cubilia curae nulla dapibus dolor vel est donec,56,2021-02-25 09:42:46,null,TRUE
8,72,51,7251,2021-02-03 15:04:13,2021-02-25 09:42:46,consectetuer adipiscing elit proin risus praesent lectus vestibulum quam sapien varius ut,34,2021-02-25 09:42:46,2021-03-05 20:48:23,TRUE
9,7,4,74,2021-02-03 17:11:47,2021-02-25 09:42:46,odio cras mi pede malesuada in imperdiet et commodo vulputate justo in blandit ultrices enim lorem,2,2021-02-25 09:42:46,null,TRUE
10,182,97,18297,2021-02-03 21:50:39,2021-02-25 09:42:46,in est risus auctor sed tristique in tempus sit amet sem fusce consequat nulla,5,2021-02-25 09:42:46,null,TRUE
11,66,23,6623,2021-02-04 17:41:36,2021-02-25 09:42:46,vestibulum aliquet ultrices erat tortor sollicitudin mi sit amet lobortis sapien sapien non mi integer ac neque,8,2021-02-25 09:42:46,null,TRUE
12,122,27,12227,2021-02-04 19:05:23,2021-02-25 09:42:46,donec semper sapien a libero nam dui proin leo odio porttitor id consequat in consequat,12,2021-02-25 09:42:46,2021-03-05 20:48:23,TRUE
13,200,82,20082,2021-02-05 03:55:30,2021-02-25 09:42:46,sed augue aliquam erat volutpat in congue etiam justo etiam pretium iaculis,45,2021-02-25 09:42:46,2021-02-26 16:32:21,TRUE
14,106,36,10636,2021-02-05 17:07:15,2021-02-25 09:42:46,venenatis lacinia aenean sit amet justo morbi ut odio cras mi pede malesuada in imperdiet,55,2021-02-25 09:42:46,2021-02-26 16:32:21,TRUE
15,45,64,4564,2021-02-05 17:57:06,2021-02-25 09:42:46,dis parturient montes nascetur ridiculus mus etiam vel augue vestibulum,9,2021-02-25 09:42:46,2021-02-26 16:32:21,TRUE
16,135,5,1355,2021-02-05 19:13:06,2021-02-25 09:42:46,fringilla rhoncus mauris enim leo rhoncus sed vestibulum sit amet cursus id,16,2021-02-25 09:42:46,2021-02-26 16:32:21,TRUE
17,32,33,3233,2021-02-06 22:05:16,2021-02-25 09:42:46,erat fermentum justo nec condimentum neque sapien placerat ante nulla justo aliquam quis turpis eget elit sodales scelerisque mauris sit,44,2021-02-25 09:42:46,2021-02-26 16:32:21,TRUE
18,128,73,12873,2021-02-07 01:50:04,2021-02-25 09:42:46,molestie nibh in lectus pellentesque at nulla suspendisse potenti cras in purus eu magna,18,2021-02-25 09:42:46,2021-02-26 16:32:21,TRUE
19,142,92,14292,2021-02-07 16:53:17,2021-02-25 09:42:46,faucibus cursus urna ut tellus nulla ut erat id mauris,28,2021-02-25 09:42:46,2021-02-26 16:32:21,TRUE
20,192,82,19282,2021-02-07 20:45:26,2021-02-25 09:42:46,donec posuere metus vitae ipsum aliquam non mauris morbi non,6,2021-02-25 09:42:46,2021-02-26 16:32:21,TRUE
21,113,14,11314,2021-02-08 03:50:28,2021-02-25 09:42:46,vel accumsan tellus nisi eu orci mauris lacinia sapien quis libero,21,2021-02-25 09:42:46,2021-02-26 16:32:21,TRUE
22,129,67,12967,2021-02-08 21:26:47,2021-02-25 09:42:46,quis libero nullam sit amet turpis elementum ligula vehicula consequat morbi a ipsum,55,2021-02-25 09:42:46,2021-03-04 01:31:58,TRUE
23,95,78,9578,2021-02-08 23:24:28,2021-02-25 09:42:46,est lacinia nisi venenatis tristique fusce congue diam id ornare imperdiet sapien urna pretium nisl ut volutpat sapien,41,2021-02-25 09:42:46,2021-03-04 01:31:58,TRUE
145,95,78,9578,2021-02-08 23:24:28,2021-03-05 20:48:23,etiam justo etiam pretium iaculis justo in hac habitasse platea dictumst,41,2021-03-05 20:48:23,2021-03-08 15:33:20,TRUE
24,127,36,12736,2021-02-09 08:53:30,2021-03-05 20:48:23,at feugiat non pretium quis lectus suspendisse potenti in eleifend quam a,24,2021-03-05 20:48:23,2021-03-08 15:33:20,TRUE
76,127,36,12736,2021-02-09 08:53:30,2021-03-05 20:48:23,purus eu magna vulputate luctus cum sociis natoque penatibus et magnis dis parturient montes nascetur ridiculus mus vivamus vestibulum,8,2021-03-05 20:48:23,2021-03-08 15:33:20,TRUE
119,72,12,7212,2021-02-09 11:47:25,2021-03-05 20:48:23,diam id ornare imperdiet sapien urna pretium nisl ut volutpat sapien arcu sed augue aliquam erat volutpat in,20,2021-03-05 20:48:23,2021-03-08 15:33:20,TRUE
37,86,4,864,2021-02-10 04:31:21,2021-03-05 20:48:23,justo nec condimentum neque sapien placerat ante nulla justo aliquam quis turpis eget elit sodales scelerisque mauris sit amet,37,2021-03-05 20:48:23,2021-03-08 15:33:20,TRUE
112,49,78,4978,2021-02-13 07:33:50,2021-03-05 20:48:23,nunc nisl duis bibendum felis sed interdum venenatis turpis enim blandit mi in porttitor pede justo eu massa donec dapibus,45,2021-03-05 20:48:23,2021-03-08 15:33:20,TRUE
31,41,50,4150,2021-02-17 04:21:31,2021-03-05 20:48:23,volutpat convallis morbi odio odio elementum eu interdum eu tincidunt in leo,7,2021-03-05 20:48:23,2021-03-08 15:33:20,TRUE
98,53,40,5340,2021-02-17 09:06:37,2021-03-05 20:48:23,eleifend pede libero quis orci nullam molestie nibh in lectus pellentesque at nulla suspendisse,1,2021-03-05 20:48:23,2021-03-08 15:33:20,TRUE
64,192,72,19272,2021-02-19 16:26:45,2021-03-05 20:48:23,et tempus semper est quam pharetra magna ac consequat metus sapien,29,2021-03-05 20:48:23,2021-03-08 15:33:20,TRUE
137,33,44,3344,2021-02-20 20:24:20,2021-03-05 20:48:23,volutpat convallis morbi odio odio elementum eu interdum eu tincidunt in,17,2021-03-05 20:48:23,2021-03-08 15:33:20,TRUE
59,163,50,16350,2021-02-24 08:36:33,2021-03-05 20:48:23,turpis eget elit sodales scelerisque mauris sit amet eros suspendisse accumsan,59,2021-03-05 20:48:23,2021-03-08 15:33:20,TRUE
120,113,92,11392,2021-02-25 09:42:46,2021-03-05 20:48:23,ridiculus mus vivamus vestibulum sagittis sapien cum sociis natoque penatibus et magnis dis parturient montes nascetur,5,2021-03-05 20:48:23,2021-03-08 15:33:20,TRUE
63,78,73,7873,2021-02-26 02:56:04,2021-03-05 20:48:23,turpis enim blandit mi in porttitor pede justo eu massa donec dapibus duis at velit eu est congue elementum,47,2021-03-05 20:48:23,2021-03-08 15:33:20,TRUE
94,40,100,40100,2021-02-26 16:32:21,2021-03-05 20:48:23,eleifend quam a odio in hac habitasse platea dictumst maecenas ut massa quis augue luctus tincidunt nulla mollis molestie,12,2021-03-05 20:48:23,2021-03-08 15:33:20,TRUE
48,82,13,8213,2021-02-27 07:26:01,2021-04-03 16:45:31,aliquet massa id lobortis convallis tortor risus dapibus augue vel accumsan tellus nisi eu orci mauris lacinia sapien quis libero,48,2021-04-03 16:45:31,2021-04-17 20:44:42,TRUE
143,120,53,12053,2021-02-28 06:11:30,2021-04-03 16:45:31,metus vitae ipsum aliquam non mauris morbi non lectus aliquam sit amet diam in magna bibendum imperdiet,2,2021-04-03 16:45:31,2021-04-17 20:44:42,TRUE
57,158,82,15882,2021-03-04 01:31:58,2021-04-03 16:45:31,libero convallis eget eleifend luctus ultricies eu nibh quisque id justo sit amet sapien dignissim vestibulum vestibulum,57,2021-04-03 16:45:31,2021-04-17 20:44:42,TRUE
97,16,20,1620,2021-03-05 06:33:45,2021-04-03 16:45:31,pharetra magna ac consequat metus sapien ut nunc vestibulum ante ipsum primis in faucibus orci,55,2021-04-03 16:45:31,2021-04-17 20:44:42,TRUE
87,29,14,2914,2021-03-05 20:48:23,2021-04-03 16:45:31,suspendisse accumsan tortor quis turpis sed ante vivamus tortor duis mattis egestas metus aenean fermentum donec ut,40,2021-04-03 16:45:31,2021-04-17 20:44:42,TRUE
105,29,14,2914,2021-03-05 20:48:23,2021-04-03 16:45:31,blandit mi in porttitor pede justo eu massa donec dapibus duis at velit eu,52,2021-04-03 16:45:31,2021-04-17 20:44:42,TRUE
71,192,93,19293,2021-03-06 12:34:51,2021-04-03 16:45:31,maecenas ut massa quis augue luctus tincidunt nulla mollis molestie lorem,19,2021-04-03 16:45:31,2021-04-17 20:44:42,TRUE
144,128,82,12882,2021-03-07 04:17:59,2021-04-03 16:45:31,potenti in eleifend quam a odio in hac habitasse platea dictumst maecenas ut massa quis augue luctus tincidunt,19,2021-04-03 16:45:31,2021-04-17 20:44:42,TRUE
72,118,11,11811,2021-03-07 05:01:41,2021-04-03 16:45:31,lacus morbi sem mauris laoreet ut rhoncus aliquet pulvinar sed nisl nunc rhoncus dui vel sem sed,31,2021-04-03 16:45:31,2021-04-17 20:44:42,TRUE
126,152,40,15240,2021-03-08 15:33:20,2021-04-03 16:45:31,ipsum dolor sit amet consectetuer adipiscing elit proin interdum mauris non,47,2021-04-03 16:45:31,2021-04-17 20:44:42,TRUE
110,150,97,15097,2021-03-09 09:57:00,2021-04-03 16:45:31,id pretium iaculis diam erat fermentum justo nec condimentum neque sapien,1,2021-04-03 16:45:31,2021-04-17 20:44:42,TRUE
118,29,16,2916,2021-03-10 12:55:48,2021-04-03 16:45:31,ut massa volutpat convallis morbi odio odio elementum eu interdum eu tincidunt in leo maecenas,49,2021-04-03 16:45:31,2021-04-17 20:44:42,TRUE
35,22,44,2244,2021-03-12 02:36:57,2021-04-03 16:45:31,quam a odio in hac habitasse platea dictumst maecenas ut massa quis augue,2,2021-04-03 16:45:31,2021-04-26 01:10:35,TRUE
109,107,37,10737,2021-03-13 07:56:15,2021-04-03 16:45:31,massa donec dapibus duis at velit eu est congue elementum in hac habitasse platea,52,2021-04-03 16:45:31,2021-04-26 01:10:35,TRUE
41,125,5,1255,2021-03-15 08:24:18,2021-04-03 16:45:31,pulvinar sed nisl nunc rhoncus dui vel sem sed sagittis nam congue risus semper porta volutpat quam pede lobortis ligula,41,2021-04-03 16:45:31,2021-04-26 01:10:35,TRUE
116,14,14,1414,2021-03-16 09:31:53,2021-04-03 16:45:31,at nibh in hac habitasse platea dictumst aliquam augue quam sollicitudin vitae consectetuer eget rutrum,11,2021-04-03 16:45:31,2021-04-26 01:10:35,TRUE
62,122,8,1228,2021-03-16 22:53:48,2021-04-03 16:45:31,eleifend quam a odio in hac habitasse platea dictumst maecenas ut massa quis,24,2021-04-03 16:45:31,null,TRUE
96,196,5,1965,2021-03-19 20:32:33,2021-04-03 16:45:31,velit vivamus vel nulla eget eros elementum pellentesque quisque porta volutpat erat,9,2021-04-03 16:45:31,null,TRUE
81,129,34,12934,2021-03-20 18:06:06,2021-04-03 16:45:31,tellus nulla ut erat id mauris vulputate elementum nullam varius,32,2021-04-03 16:45:31,2021-04-26 01:10:35,TRUE
43,111,100,111100,2021-03-21 11:46:26,2021-04-03 16:45:31,in hac habitasse platea dictumst maecenas ut massa quis augue luctus tincidunt nulla mollis molestie lorem,12,2021-04-03 16:45:31,2021-04-26 01:10:35,TRUE
77,83,10,8310,2021-03-22 06:24:33,2021-06-03 19:32:25,lacinia erat vestibulum sed magna at nunc commodo placerat praesent blandit,23,2021-05-07 08:58:26,2021-06-01 15:22:05,TRUE
42,120,61,12061,2021-03-24 16:48:37,2021-06-03 19:32:25,dui nec nisi volutpat eleifend donec ut dolor morbi vel lectus in,10,2021-05-07 08:58:26,2021-06-01 15:22:05,TRUE
130,122,15,12215,2021-03-26 20:38:24,2021-06-03 19:32:25,sed augue aliquam erat volutpat in congue etiam justo etiam pretium iaculis justo in hac habitasse platea dictumst etiam faucibus,58,2021-05-07 08:58:26,null,TRUE
127,87,75,8775,2021-03-28 10:31:33,2021-06-03 19:32:25,luctus et ultrices posuere cubilia curae nulla dapibus dolor vel est donec odio justo sollicitudin,28,2021-05-07 08:58:26,null,TRUE
93,10,80,1080,2021-03-28 19:34:00,2021-06-03 19:32:25,lacinia eget tincidunt eget tempus vel pede morbi porttitor lorem id ligula suspendisse,34,2021-05-07 08:58:26,null,TRUE
34,80,66,8066,2021-03-28 23:26:31,2021-06-03 19:32:25,dolor quis odio consequat varius integer ac leo pellentesque ultrices mattis odio donec vitae,13,2021-05-07 08:58:26,2021-06-01 15:22:05,TRUE
80,55,2,552,2021-04-01 06:26:25,2021-06-03 19:32:25,curabitur gravida nisi at nibh in hac habitasse platea dictumst aliquam,25,2021-05-07 08:58:26,null,TRUE
131,90,68,9068,2021-04-03 16:45:31,2021-06-03 19:32:25,quam sapien varius ut blandit non interdum in ante vestibulum ante ipsum primis in,42,2021-05-07 08:58:26,null,TRUE
91,98,32,9832,2021-04-05 18:41:37,2021-06-03 19:32:25,odio justo sollicitudin ut suscipit a feugiat et eros vestibulum ac est lacinia nisi,19,2021-05-07 08:58:26,null,TRUE
150,195,36,19536,2021-04-07 05:38:53,2021-06-03 19:32:25,amet turpis elementum ligula vehicula consequat morbi a ipsum integer,21,2021-05-07 08:58:26,null,TRUE
89,34,5,345,2021-04-08 16:42:44,2021-06-03 19:32:25,leo maecenas pulvinar lobortis est phasellus sit amet erat nulla tempus vivamus in felis eu sapien cursus vestibulum proin,21,2021-05-07 08:58:26,2021-06-01 15:22:05,TRUE
38,188,75,18875,2021-04-08 18:31:16,2021-06-03 19:32:25,justo morbi ut odio cras mi pede malesuada in imperdiet et commodo vulputate justo in blandit ultrices enim lorem,15,2021-05-07 08:58:26,2021-06-01 15:22:05,TRUE
132,96,41,9641,2021-04-11 00:30:21,2021-06-03 19:32:25,aenean lectus pellentesque eget nunc donec quis orci eget orci vehicula condimentum curabitur,8,2021-05-07 08:58:26,null,TRUE
25,47,96,4796,2021-04-12 00:50:28,2021-06-03 19:32:25,sed lacus morbi sem mauris laoreet ut rhoncus aliquet pulvinar sed nisl nunc rhoncus,39,2021-05-07 08:58:26,2021-06-01 15:22:05,TRUE
67,128,49,12849,2021-04-12 20:21:37,2021-06-03 19:32:25,aenean sit amet justo morbi ut odio cras mi pede malesuada in imperdiet et commodo,3,2021-05-07 08:58:26,2021-06-01 15:22:05,TRUE
146,107,34,10734,2021-04-13 07:08:27,2021-06-03 19:32:25,vitae nisi nam ultrices libero non mattis pulvinar nulla pede ullamcorper augue a suscipit nulla,15,2021-05-07 08:58:26,2021-06-01 15:22:05,TRUE
148,174,41,17441,2021-04-15 17:17:42,2021-06-03 19:32:25,sagittis sapien cum sociis natoque penatibus et magnis dis parturient montes nascetur ridiculus mus etiam vel augue,11,2021-05-07 08:58:26,2021-06-01 15:22:05,TRUE
58,149,42,14942,2021-04-16 10:37:54,2021-06-03 19:32:25,molestie hendrerit at vulputate vitae nisl aenean lectus pellentesque eget nunc donec quis orci eget orci vehicula,4,2021-05-07 08:58:26,null,TRUE
45,147,61,14761,2021-04-17 20:44:42,2021-06-03 19:32:25,neque duis bibendum morbi non quam nec dui luctus rutrum nulla tellus in sagittis dui vel nisl duis,45,2021-05-07 08:58:26,2021-06-01 15:22:05,TRUE
52,18,26,1826,2021-04-19 04:51:09,2021-06-03 19:32:25,lacus morbi sem mauris laoreet ut rhoncus aliquet pulvinar sed nisl nunc rhoncus dui vel,52,2021-05-07 08:58:26,2021-06-01 15:22:05,TRUE
100,125,96,12596,2021-04-19 12:40:47,2021-06-03 19:32:25,congue elementum in hac habitasse platea dictumst morbi vestibulum velit id pretium,20,2021-05-07 08:58:26,2021-06-01 15:22:05,TRUE
27,70,95,7095,2021-04-22 14:47:55,2021-06-03 19:32:25,odio elementum eu interdum eu tincidunt in leo maecenas pulvinar lobortis,51,2021-05-07 08:58:26,null,TRUE
86,60,65,6065,2021-04-24 13:57:30,2021-06-03 19:32:25,eget congue eget semper rutrum nulla nunc purus phasellus in felis donec semper,12,2021-05-07 08:58:26,2021-06-01 15:22:05,TRUE
138,61,14,6114,2021-04-26 01:10:35,2021-06-03 19:32:25,morbi a ipsum integer a nibh in quis justo maecenas rhoncus aliquam,56,2021-06-03 19:32:25,2021-06-07 17:16:33,TRUE
75,154,20,15420,2021-04-26 20:06:26,2021-06-03 19:32:25,bibendum felis sed interdum venenatis turpis enim blandit mi in porttitor pede justo eu massa,60,2021-06-03 19:32:25,2021-06-07 17:16:33,TRUE
133,148,49,14849,2021-04-27 06:43:39,2021-06-03 19:32:25,vestibulum aliquet ultrices erat tortor sollicitudin mi sit amet lobortis sapien sapien non mi integer ac neque,47,2021-06-03 19:32:25,2021-06-07 17:16:33,TRUE
49,200,6,2006,2021-04-27 10:07:20,2021-06-03 19:32:25,vel nulla eget eros elementum pellentesque quisque porta volutpat erat quisque erat eros viverra eget,49,2021-06-03 19:32:25,2021-06-07 17:16:33,TRUE
28,194,49,19449,2021-04-27 23:26:47,2021-06-03 19:32:25,vel enim sit amet nunc viverra dapibus nulla suscipit ligula in lacus curabitur,46,2021-06-03 19:32:25,2021-06-07 17:16:33,TRUE
90,127,21,12721,2021-04-28 16:23:49,2021-06-03 19:32:25,convallis duis consequat dui nec nisi volutpat eleifend donec ut,33,2021-06-03 19:32:25,null,TRUE
70,19,2,192,2021-04-28 20:46:05,2021-06-03 19:32:25,duis aliquam convallis nunc proin at turpis a pede posuere nonummy integer non velit donec diam neque,26,2021-06-03 19:32:25,2021-06-07 17:16:33,TRUE
50,149,57,14957,2021-04-30 15:24:45,2021-06-29 04:28:02,suscipit ligula in lacus curabitur at ipsum ac tellus semper interdum mauris ullamcorper purus sit amet nulla,26,2021-06-29 04:28:02,null,TRUE
141,146,25,14625,2021-05-03 09:28:42,2021-06-29 04:28:02,vel nisl duis ac nibh fusce lacus purus aliquet at feugiat non pretium quis lectus suspendisse potenti,28,2021-06-29 04:28:02,null,TRUE
61,187,33,18733,2021-05-07 08:58:26,2021-06-29 04:28:02,est lacinia nisi venenatis tristique fusce congue diam id ornare imperdiet sapien urna pretium nisl ut volutpat sapien,33,2021-06-29 04:28:02,2021-07-07 10:01:05,TRUE
55,117,18,11718,2021-05-07 13:21:52,2021-06-29 04:28:02,nulla ultrices aliquet maecenas leo odio condimentum id luctus nec molestie sed justo pellentesque,55,2021-06-29 04:28:02,2021-07-07 10:01:05,TRUE
115,44,25,4425,2021-05-10 09:21:10,2021-06-29 04:28:02,penatibus et magnis dis parturient montes nascetur ridiculus mus vivamus vestibulum sagittis sapien,20,2021-06-29 04:28:02,null,TRUE
113,30,96,3096,2021-05-10 17:02:42,2021-06-29 04:28:02,ligula vehicula consequat morbi a ipsum integer a nibh in quis justo maecenas rhoncus aliquam lacus,53,2021-06-29 04:28:02,null,TRUE
65,18,53,1853,2021-05-13 01:25:49,2021-06-29 04:28:02,cras mi pede malesuada in imperdiet et commodo vulputate justo in blandit ultrices enim,10,2021-06-29 04:28:02,2021-07-07 10:01:05,TRUE
121,7,20,720,2021-05-13 10:46:13,2021-06-29 04:28:02,habitasse platea dictumst etiam faucibus cursus urna ut tellus nulla ut erat id mauris vulputate elementum nullam varius nulla facilisi,23,2021-06-29 04:28:02,2021-07-07 10:01:05,TRUE
82,107,92,10792,2021-05-15 17:16:56,2021-06-29 04:28:02,blandit non interdum in ante vestibulum ante ipsum primis in faucibus orci luctus et ultrices posuere,58,2021-06-29 04:28:02,2021-07-07 10:01:05,TRUE
111,64,58,6458,2021-05-21 03:55:47,2021-06-29 04:28:02,vivamus metus arcu adipiscing molestie hendrerit at vulputate vitae nisl aenean lectus pellentesque eget nunc donec quis orci eget orci,11,2021-06-29 04:28:02,2021-07-07 10:01:05,TRUE
122,40,48,4048,2021-05-24 12:57:59,2021-06-29 04:28:02,aliquam convallis nunc proin at turpis a pede posuere nonummy integer non velit donec,36,2021-06-29 04:28:02,null,TRUE
79,176,19,17619,2021-05-24 16:37:51,2021-06-29 04:28:02,sagittis sapien cum sociis natoque penatibus et magnis dis parturient montes nascetur ridiculus mus etiam,51,2021-06-29 04:28:02,2021-07-07 10:01:05,TRUE
84,192,15,19215,2021-05-25 18:30:49,2021-06-29 04:28:02,in imperdiet et commodo vulputate justo in blandit ultrices enim,29,2021-06-29 04:28:02,null,TRUE
95,61,12,6112,2021-05-28 17:31:14,2021-06-29 04:28:02,duis at velit eu est congue elementum in hac habitasse platea dictumst morbi vestibulum velit id pretium iaculis diam erat,30,2021-06-29 04:28:02,2021-07-07 10:01:05,TRUE
123,183,99,18399,2021-05-30 14:53:06,2021-06-29 04:28:02,pretium iaculis diam erat fermentum justo nec condimentum neque sapien placerat ante nulla justo,51,2021-06-29 04:28:02,2021-07-07 10:01:05,TRUE
44,142,60,14260,2021-05-31 11:39:56,2021-07-07 11:23:35,semper sapien a libero nam dui proin leo odio porttitor,9,2021-07-07 11:23:35,2021-07-16 13:08:25,TRUE
83,67,88,6788,2021-06-01 01:24:27,2021-07-07 11:23:35,at turpis donec posuere metus vitae ipsum aliquam non mauris morbi non lectus aliquam sit,15,2021-07-07 11:23:35,null,TRUE
92,89,89,8989,2021-06-01 15:22:05,2021-07-07 11:23:35,dui luctus rutrum nulla tellus in sagittis dui vel nisl duis ac nibh fusce lacus purus aliquet at,2,2021-07-07 11:23:35,2021-07-16 13:08:25,TRUE
40,116,89,11689,2021-06-03 19:32:25,2021-07-07 11:23:35,lorem ipsum dolor sit amet consectetuer adipiscing elit proin interdum mauris non ligula pellentesque ultrices phasellus id sapien,33,2021-07-07 11:23:35,2021-07-16 13:08:25,TRUE
78,53,59,5359,2021-06-04 00:13:05,2021-07-07 11:23:35,in felis donec semper sapien a libero nam dui proin leo odio porttitor id consequat in consequat ut,34,2021-07-07 11:23:35,2021-07-16 13:08:25,TRUE
54,127,37,12737,2021-06-05 10:52:16,2021-07-07 11:23:35,in faucibus orci luctus et ultrices posuere cubilia curae duis faucibus accumsan odio curabitur convallis duis,60,2021-07-07 11:23:35,null,TRUE
47,55,34,5534,2021-06-07 05:09:17,2021-07-07 11:23:35,ipsum integer a nibh in quis justo maecenas rhoncus aliquam lacus morbi quis tortor id nulla ultrices aliquet maecenas,35,2021-07-07 11:23:35,2021-07-16 13:08:25,TRUE
101,89,98,8998,2021-06-07 17:16:33,2021-07-07 11:23:35,mauris non ligula pellentesque ultrices phasellus id sapien in sapien iaculis congue vivamus metus arcu,31,2021-07-07 11:23:35,2021-07-16 13:08:25,TRUE
29,151,46,15146,2021-06-08 20:40:38,2021-07-07 11:23:35,cum sociis natoque penatibus et magnis dis parturient montes nascetur,4,2021-07-07 11:23:35,2021-07-16 13:08:25,TRUE
103,150,2,1502,2021-06-08 21:36:39,2021-07-07 11:23:35,auctor sed tristique in tempus sit amet sem fusce consequat nulla nisl,26,2021-07-07 11:23:35,null,TRUE
88,8,90,890,2021-06-10 22:44:38,2021-07-07 11:23:35,in congue etiam justo etiam pretium iaculis justo in hac habitasse platea dictumst etiam faucibus cursus urna,20,2021-07-07 11:23:35,2021-07-16 13:08:25,TRUE
147,89,42,8942,2021-06-14 04:32:43,2021-07-07 11:23:35,venenatis tristique fusce congue diam id ornare imperdiet sapien urna pretium nisl ut volutpat sapien arcu sed augue,23,2021-07-07 11:23:35,2021-07-16 13:08:25,TRUE
51,173,16,17316,2021-06-16 02:20:30,2021-07-07 11:23:35,ultrices libero non mattis pulvinar nulla pede ullamcorper augue a suscipit nulla elit,51,2021-07-07 11:23:35,2021-07-16 13:08:25,TRUE
39,110,47,11047,2021-06-17 22:51:33,2021-07-07 11:23:35,tristique in tempus sit amet sem fusce consequat nulla nisl nunc nisl duis bibendum felis sed interdum venenatis turpis enim,50,2021-07-07 11:23:35,2021-07-16 13:08:25,TRUE
125,162,45,16245,2021-06-21 14:45:51,2021-07-07 11:23:35,quam turpis adipiscing lorem vitae mattis nibh ligula nec sem duis aliquam convallis nunc proin at turpis a pede,38,2021-07-07 11:23:35,null,TRUE
26,74,88,7488,2021-06-22 02:12:02,2021-07-07 11:23:35,mus etiam vel augue vestibulum rutrum rutrum neque aenean auctor gravida sem,5,2021-07-07 11:23:35,null,TRUE
73,97,80,9780,2021-06-22 10:44:37,2021-07-07 11:23:35,parturient montes nascetur ridiculus mus vivamus vestibulum sagittis sapien cum sociis natoque penatibus et,22,2021-07-07 11:23:35,null,TRUE
102,166,25,16625,2021-06-22 16:06:11,2021-07-07 11:23:35,venenatis turpis enim blandit mi in porttitor pede justo eu massa donec dapibus duis at velit eu,13,2021-07-07 11:23:35,2021-07-16 13:08:25,TRUE
114,56,56,5656,2021-06-23 21:57:27,2021-07-07 11:23:35,duis mattis egestas metus aenean fermentum donec ut mauris eget massa tempor,32,2021-07-07 11:23:35,null,TRUE
124,107,19,10719,2021-06-24 03:53:45,2021-07-07 11:23:35,eget massa tempor convallis nulla neque libero convallis eget eleifend luctus ultricies,19,2021-07-07 11:23:35,2021-07-16 13:08:25,TRUE
128,55,18,5518,2021-06-24 16:31:54,2021-07-07 11:23:35,nunc donec quis orci eget orci vehicula condimentum curabitur in libero ut massa volutpat convallis morbi odio odio,3,2021-07-07 11:23:35,null,TRUE
56,92,20,9220,2021-06-25 18:05:07,2021-07-07 11:23:35,primis in faucibus orci luctus et ultrices posuere cubilia curae nulla dapibus dolor vel est donec odio,28,2021-07-07 11:23:35,2021-07-16 13:08:25,TRUE
66,20,62,2062,2021-06-27 14:58:56,2021-07-26 00:23:02,aenean fermentum donec ut mauris eget massa tempor convallis nulla neque libero convallis eget eleifend luctus ultricies,23,2021-07-26 00:23:02,2021-08-14 00:42:50,TRUE
69,170,72,17072,2021-06-28 15:11:48,2021-07-26 00:23:02,donec semper sapien a libero nam dui proin leo odio,5,2021-07-26 00:23:02,2021-08-14 00:42:50,TRUE
149,95,28,9528,2021-06-28 19:42:20,2021-07-26 00:23:02,erat volutpat in congue etiam justo etiam pretium iaculis justo in hac habitasse platea dictumst etiam,59,2021-07-26 00:23:02,2021-08-14 00:42:50,TRUE
136,137,60,13760,2021-06-29 04:28:02,2021-07-26 00:23:02,sollicitudin ut suscipit a feugiat et eros vestibulum ac est lacinia nisi,45,2021-07-26 00:23:02,2021-08-14 00:42:50,TRUE
104,184,65,18465,2021-06-30 08:42:42,2021-07-26 00:23:02,justo in blandit ultrices enim lorem ipsum dolor sit amet consectetuer adipiscing elit proin interdum mauris non ligula pellentesque ultrices,17,2021-07-26 00:23:02,null,TRUE
60,179,34,17934,2021-06-30 18:25:56,2021-07-26 00:23:02,erat volutpat in congue etiam justo etiam pretium iaculis justo in hac habitasse platea,60,2021-07-26 00:23:02,2021-08-14 00:42:50,TRUE
140,177,33,17733,2021-06-30 21:25:42,2021-07-26 00:23:02,turpis donec posuere metus vitae ipsum aliquam non mauris morbi non,7,2021-07-26 00:23:02,null,TRUE
106,86,50,8650,2021-07-01 00:30:28,2021-07-26 00:23:02,cras in purus eu magna vulputate luctus cum sociis natoque penatibus et magnis dis,39,2021-07-26 00:23:02,null,TRUE
117,87,14,8714,2021-07-02 03:33:12,2021-07-26 00:23:02,at lorem integer tincidunt ante vel ipsum praesent blandit lacinia erat vestibulum sed magna at nunc commodo placerat praesent,44,2021-07-26 00:23:02,null,TRUE
135,4,4,44,2021-07-04 07:15:07,2021-07-26 00:23:02,orci vehicula condimentum curabitur in libero ut massa volutpat convallis morbi,1,2021-07-26 00:23:02,2021-08-14 00:42:50,TRUE
142,70,64,7064,2021-07-05 05:21:18,2021-07-26 00:23:02,neque aenean auctor gravida sem praesent id massa id nisl venenatis lacinia aenean sit amet justo morbi,60,2021-07-26 00:23:02,2021-08-14 00:42:50,TRUE
32,4,50,450,2021-07-05 08:05:24,2021-07-26 00:23:02,faucibus orci luctus et ultrices posuere cubilia curae nulla dapibus dolor,16,2021-07-26 00:23:02,null,TRUE
30,133,62,13362,2021-07-07 10:01:05,2021-07-26 00:23:02,pulvinar lobortis est phasellus sit amet erat nulla tempus vivamus in felis eu sapien,30,2021-07-26 00:23:02,2021-08-14 00:42:50,TRUE
107,184,97,18497,2021-07-07 11:23:35,2021-07-26 00:23:02,nisl duis ac nibh fusce lacus purus aliquet at feugiat non pretium quis lectus suspendisse potenti in eleifend,30,2021-07-26 00:23:02,2021-08-20 15:52:45,TRUE
129,148,100,148100,2021-07-12 06:23:08,2021-07-26 00:23:02,odio consequat varius integer ac leo pellentesque ultrices mattis odio donec vitae nisi nam ultrices libero non mattis,18,2021-07-26 00:23:02,2021-08-20 15:52:45,TRUE
85,80,45,8045,2021-07-12 20:56:15,2021-07-26 00:23:02,orci luctus et ultrices posuere cubilia curae nulla dapibus dolor vel est donec odio,7,2021-07-26 00:23:02,null,TRUE
46,157,62,15762,2021-07-13 14:09:06,2021-07-26 00:23:02,ultrices posuere cubilia curae donec pharetra magna vestibulum aliquet ultrices erat tortor,4,2021-07-26 00:23:02,2021-08-20 15:52:45,TRUE
33,13,12,1312,2021-07-13 18:07:38,2021-07-26 00:23:02,ullamcorper augue a suscipit nulla elit ac nulla sed vel enim sit amet nunc viverra dapibus nulla suscipit,20,2021-07-26 00:23:02,2021-08-20 15:52:45,TRUE
74,155,32,15532,2021-07-16 13:08:25,2021-07-30 22:11:22,nulla facilisi cras non velit nec nisi vulputate nonummy maecenas tincidunt lacus at velit vivamus vel nulla eget eros elementum,7,2021-07-30 22:11:22,2021-08-20 15:52:45,TRUE
68,123,14,12314,2021-07-17 04:50:20,2021-07-30 22:11:22,ac nibh fusce lacus purus aliquet at feugiat non pretium quis lectus suspendisse potenti in eleifend quam a,17,2021-07-30 22:11:22,null,TRUE
108,138,37,13837,2021-07-19 09:16:58,2021-07-30 22:11:22,in consequat ut nulla sed accumsan felis ut at dolor quis odio consequat varius integer ac leo pellentesque ultrices,41,2021-07-30 22:11:22,2021-08-20 15:52:45,TRUE
139,135,52,13552,2021-07-23 22:53:42,2021-07-30 22:11:22,pellentesque ultrices mattis odio donec vitae nisi nam ultrices libero non mattis pulvinar nulla,43,2021-07-30 22:11:22,null,TRUE
99,90,72,9072,2021-07-26 00:23:02,2021-07-30 22:11:22,dictumst maecenas ut massa quis augue luctus tincidunt nulla mollis molestie lorem,42,2021-07-30 22:11:22,null,TRUE
36,153,9,1539,2021-07-26 13:18:12,2021-07-30 22:11:22,vel accumsan tellus nisi eu orci mauris lacinia sapien quis libero nullam sit amet turpis elementum ligula,6,2021-07-30 22:11:22,null,TRUE
134,50,17,5017,2021-07-30 22:11:22,2021-08-17 09:11:48,turpis adipiscing lorem vitae mattis nibh ligula nec sem duis aliquam convallis nunc proin at,23,2021-08-17 09:11:48,2021-08-20 15:52:45,TRUE
